{
    "ManagedPolicy": "arn:aws:iam::aws:policy/IAMReadOnlyAccess",
    "InlinePolicy": {
        "Version": "2012-10-17",
        "Statement": [
            {
                "Action": "ec2:*",
                "Effect": "Allow",
                "Resource": "*"
            },
            {
                "Effect": "Deny",
                "Action": "ec2:RunInstances",
                "Resource": "arn:aws:ec2:*:*:instance/*",
                "Condition": {
                    "ForAnyValue:StringNotLike": {
                        "ec2:InstanceType": [
                            "t2.nano",
                            "t2.small",
                            "t2.micro",
                            "t2.medium",
                            "t3.micro"
                        ]
                    }
                }
            }
        ]
    }
}