{
    "ManagedPolicy": "arn:aws:iam::aws:policy/IAMReadOnlyAccess",
    "InlinePolicy": {
        "Version": "2012-10-17",
        "Statement": [
            {
                "Effect": "Allow",
                "Action": [
                    "ec2:CreateVpc",
                    "ec2:DeleteVpc",
                    "ec2:DescribeVpcs",
                    "ec2:CreateSubnet",
                    "ec2:DeleteSubnet",
                    "ec2:DescribeSubnets",
                    "ec2:ModifyVpcAttribute",
                    "ec2:ModifySubnetAttribute",
                    "ec2:DescribeVpcAttribute",
                    "ec2:DescribeNetworkAcls",
                    "ec2:CreateTags",
                    "ec2:DeleteTags",
                    "ec2:DescribeAvailabilityZones",
                    "ec2:DescribeInstances",
                    "ec2:DescribeRouteTables",
                    "ec2:CreateRouteTable",
                    "ec2:DeleteRouteTable",
                    "ec2:AssociateRouteTable",
                    "ec2:DisassociateRouteTable",
                    "ec2:CreateNetworkAcl",
                    "ec2:DeleteNetworkAcl",
                    "ec2:CreateSecurityGroup",
                    "ec2:DeleteSecurityGroup",
                    "ec2:DescribeDhcpOptions",
                    "ec2:DescribeCarrierGateways",
                    "ec2:CreateCarrierGateway",
                    "ec2:DeleteCarrierGateway",
                    "ec2:CreateInternetGateway",
                    "ec2:DeleteInternetGateway",
                    "ec2:AttachInternetGateway",
                    "ec2:DetachInternetGateway",
                    "ec2:DescribeInternetGateways"
                ],
                "Resource": "*"
            }
        ]
    }
}
