{
    "ManagedPolicy": "arn:aws:iam::aws:policy/IAMReadOnlyAccess",
    "InlinePolicy": {
        "Version": "2012-10-17",
        "Statement": [
            {
                "Effect": "Allow",
                "Action": [
                    "ec2:CreateNetworkAcl",
                    "ec2:CreateNetworkAclEntry",
                    "ec2:DeleteNetworkAcl",
                    "ec2:DeleteNetworkAclEntry",
                    "ec2:DescribeNetworkAcls",
                    "ec2:ReplaceNetworkAclEntry",
                    "ec2:ReplaceNetworkAclAssociation",
                    "ec2:DescribeVpcs",
                    "ec2:DescribeSubnets",
                    "ec2:DescribeRouteTables",
                    "ec2:CreateTags",               
                    "ec2:DeleteTags",               
                    "ec2:DescribeTags"           
                ],
                "Resource": "*"
            }
        ]
    }
}
